-- phpMyAdmin SQL Dump
-- version 5.1.0
-- https://www.phpmyadmin.net/
--
-- Host: 127.0.0.1
-- Erstellungszeit: 17. Mai 2021 um 13:10
-- Server-Version: 10.4.18-MariaDB
-- PHP-Version: 8.0.5

SET SQL_MODE = "NO_AUTO_VALUE_ON_ZERO";
START TRANSACTION;
SET time_zone = "+00:00";


/*!40101 SET @OLD_CHARACTER_SET_CLIENT=@@CHARACTER_SET_CLIENT */;
/*!40101 SET @OLD_CHARACTER_SET_RESULTS=@@CHARACTER_SET_RESULTS */;
/*!40101 SET @OLD_COLLATION_CONNECTION=@@COLLATION_CONNECTION */;
/*!40101 SET NAMES utf8mb4 */;

--
-- Datenbank: `db_einradhockey_archiv`
--

-- --------------------------------------------------------

--
-- Tabellenstruktur für Tabelle `archiv_saisons`
--

CREATE TABLE `archiv_saisons` (
  `saison_id` int(11) NOT NULL,
  `saisonname` varchar(63) NOT NULL
) ENGINE=InnoDB DEFAULT CHARSET=utf8mb4;

--
-- Daten für Tabelle `archiv_saisons`
--

INSERT INTO `archiv_saisons` (`saison_id`, `saisonname`) VALUES
(0, '1995'),
(1, '1996'),
(2, '1997'),
(3, '1998'),
(4, '1999'),
(5, '2000'),
(6, '2001'),
(7, '2002'),
(8, '2003'),
(9, '2004'),
(10, '2005'),
(11, '2006'),
(12, '2007'),
(13, '2008'),
(14, '2009'),
(15, '2010'),
(16, '2011'),
(17, '2012'),
(18, '2013'),
(19, '2014'),
(20, '2015'),
(21, '2016'),
(22, '2017'),
(23, '2018'),
(24, '2019'),
(25, '2020'),
(26, '2020/2021'),
(27, '2021/2022');

-- --------------------------------------------------------

--
-- Tabellenstruktur für Tabelle `archiv_spielplan_details`
--

CREATE TABLE `archiv_spielplan_details` (
  `spielplan` varchar(255) NOT NULL,
  `plaetze` int(11) NOT NULL,
  `anzahl_halbzeiten` int(11) NOT NULL,
  `halbzeit_laenge` int(11) NOT NULL,
  `puffer` int(11) NOT NULL,
  `pausen` varchar(255) NOT NULL
) ENGINE=InnoDB DEFAULT CHARSET=utf8mb4;

--
-- Daten für Tabelle `archiv_spielplan_details`
--

INSERT INTO `archiv_spielplan_details` (`spielplan`, `plaetze`, `anzahl_halbzeiten`, `halbzeit_laenge`, `puffer`, `pausen`) VALUES
('4er_jgj_2_12_6', 4, 2, 12, 6, '2,12#4,12'),
('4er_jgj_default', 4, 2, 20, 5, '2,30#4,30');

-- --------------------------------------------------------

--
-- Tabellenstruktur für Tabelle `archiv_teams_liga`
--

CREATE TABLE `archiv_teams_liga` (
  `team_id` int(11) NOT NULL,
  `saison` int(11) NOT NULL,
  `teamname` varchar(255) NOT NULL,
  `ligateam` varchar(255) NOT NULL
) ENGINE=InnoDB DEFAULT CHARSET=utf8mb4;

--
-- Daten für Tabelle `archiv_teams_liga`
--

INSERT INTO `archiv_teams_liga` (`team_id`, `saison`, `teamname`, `ligateam`) VALUES
(2, 26, 'UnicycleRS', 'Ja'),
(8, 26, 'BTC Baukau Boogaloos', 'Ja'),
(11, 26, 'oneleine Hannover', 'Ja'),
(12, 26, 'Berlin', 'Ja'),
(14, 26, 'Gummibärchen', 'Ja'),
(16, 26, 'SKV Mörfelden Joker', 'Ja'),
(20, 26, 'Querrad', 'Ja'),
(21, 26, 'Uniwheeler Bremen-Bochum', 'Ja'),
(25, 26, 'RADLOS', 'Ja'),
(26, 26, 'VR Münster Raptors', 'Ja'),
(27, 26, 'Dresdner Einradlöwen', 'Ja'),
(30, 26, 'Einradblitze', 'Ja'),
(32, 26, 'Stachelbären', 'Ja'),
(33, 26, 'Hamburger Rädertierchen', 'Ja'),
(34, 26, 'Panzerknacker', 'Ja'),
(36, 26, 'Küstenflitzer', 'Ja'),
(37, 26, 'OnewheeleRS', 'Ja'),
(38, 26, 'Wupper Löwen', 'Ja'),
(42, 26, 'BTC Heisse Reifen', 'Ja'),
(44, 26, 'FunPowerTeam', 'Ja'),
(51, 26, 'Cherusker Fighter', 'Ja'),
(86, 26, 'MJC Trier - Die Römer', 'Ja'),
(87, 26, 'BTC Stahlfelge Baukau', 'Ja'),
(154, 26, 'Crazy Ducks', 'Ja'),
(155, 26, 'MJC Trier - Die Gladiatoren', 'Ja'),
(162, 26, 'The Devils', 'Ja'),
(178, 26, 'Geisterfahrer', 'Ja'),
(240, 26, 'Turbo Ducks', 'Ja'),
(243, 26, 'Unileezen 1', 'Ja'),
(244, 26, 'MJC Trier - Die Legionäre', 'Ja'),
(262, 26, 'Prague Unicycle Hockey Team', 'Ja'),
(305, 26, 'Fresh Ducks', 'Ja'),
(307, 26, 'Einradfüchse 1', 'Ja'),
(308, 26, 'DJK Banditen', 'Ja'),
(310, 26, 'Hockey Hawks', 'Ja'),
(312, 26, 'Förde Flizzer black', 'Ja'),
(314, 26, 'SKV Mörfelden UniThunder', 'Ja'),
(315, 26, 'Schlossgespenster', 'Ja'),
(321, 26, 'Schillis Einradschoten', 'Ja'),
(322, 26, 'ColorRados Ober-Ramstadt', 'Ja'),
(361, 26, 'Easy Rider', 'Ja'),
(393, 26, 'Tornados Mainz', 'Ja'),
(421, 26, 'Einradfüchse 2', 'Ja'),
(422, 26, 'Berkelflitzer', 'Ja'),
(423, 26, 'Dresdner Einradtiger', 'Ja'),
(428, 26, 'Unistars', 'Ja'),
(429, 26, 'Neukirchen', 'Ja'),
(430, 26, 'Flying Unicycles Bochum', 'Ja'),
(431, 26, 'UniLipsSticks', 'Ja'),
(435, 26, 'Uners Litoměřice', 'Ja'),
(443, 26, 'FreiradFreiburg', 'Ja'),
(501, 26, 'TV Lilienthal Feuerteufel', 'Ja'),
(529, 26, 'Lafaretti Unicorns', 'Ja'),
(530, 26, 'OhneLenker', 'Ja'),
(533, 26, 'Neustädter Einradflitzer SV TuR', 'Ja'),
(534, 26, 'Das Rudel', 'Ja'),
(535, 26, 'BTC Olle Schluffen 2.0', 'Ja'),
(610, 26, 'Einradfüchse 3', 'Ja'),
(615, 26, 'Kirner EinRadler', 'Ja'),
(620, 26, 'SV Hockey TigERZ', 'Ja'),
(621, 26, 'Unique Cycles', 'Ja'),
(623, 26, 'MJC Trier - Die Treverer', 'Ja'),
(632, 26, 'Einradhockey Elmshorn', 'Ja'),
(633, 26, 'AC Zahnrad', 'Ja'),
(637, 26, 'Blackouts', 'Ja'),
(645, 26, 'Eisbären', 'Ja'),
(652, 26, 'Gurkentruppe', 'Ja'),
(689, 26, 'TV Lilienthal Moorlichter', 'Ja'),
(690, 26, 'BTC SpeedRiders', 'Ja'),
(691, 26, 'MJC Trier - Die Trojaner', 'Ja'),
(692, 26, 'The Devils 2', 'Ja'),
(695, 26, 'Wirbelsturm Bonlanden', 'Ja'),
(702, 26, 'Black Stars', 'Ja'),
(706, 26, 'Slowmos', 'Ja'),
(821, 26, 'Kampfkartoffeln* (821)', 'Nein'),
(822, 26, 'Kampfkartoffeln* (822)', 'Nein'),
(823, 26, 'Kampfkartoffeln*', 'Nein'),
(824, 26, 'Raketenzwerge* (824)', 'Nein'),
(825, 26, 'Trödeltrupp* (825)', 'Nein'),
(826, 26, 'Trödeltrupp* (826)', 'Nein'),
(827, 26, 'Raketenzwerge* (827)', 'Nein'),
(828, 26, 'Raketenzwerge*', 'Nein'),
(829, 26, 'Trödeltrupp*', 'Nein'),
(830, 26, 'Fortschritt Berlin*', 'Nein'),
(831, 26, 'Förde Flizzer green', 'Ja'),
(832, 26, 'Unileezen 2', 'Ja'),
(833, 26, 'TV Lilienthal Irrlichter', 'Ja'),
(834, 26, 'Trierer Mixed*', 'Nein'),
(835, 26, 'Lumberjack‘s', 'Ja'),
(836, 26, 'Angels* (836)', 'Nein'),
(837, 26, 'Photosynthese', 'Ja'),
(838, 26, 'Seehasen* (838)', 'Nein'),
(839, 26, 'Seehasen*', 'Nein'),
(840, 26, 'Junior Cycles', 'Ja'),
(841, 26, 'TV Lilienthal Irrlichter* (841)', 'Nein'),
(842, 26, 'Bächlebollen*', 'Nein'),
(843, 26, 'ColorRados 2*', 'Nein'),
(844, 26, 'VR Münster Sabers', 'Ja'),
(845, 26, 'Dresdner Einradleoparden*', 'Nein'),
(846, 26, 'TV Lilienthal Irrlichter*', 'Nein'),
(847, 26, 'Angels*', 'Nein'),
(848, 26, 'HHHL Mix*', 'Nein'),
(850, 26, 'Die jungen Hüpfer*', 'Nein'),
(851, 26, 'Löwenbabies*', 'Nein'),
(852, 26, 'Traktor Johannstadt*', 'Nein'),
(853, 26, 'Fördeflizzer bunt*', 'Nein'),
(854, 26, 'Kunterbunter-Mix*', 'Nein'),
(855, 26, 'Einradblitze*', 'Nein'),
(856, 26, 'Kunterbunter - Mix*', 'Nein'),
(857, 26, 'Trödeltrupp', 'Ja'),
(858, 26, 'MJC Trier - Die Gladiatoren*', 'Nein'),
(859, 26, 'Kunterbunt-Mix*', 'Nein'),
(860, 26, 'Maikes Mixteam*', 'Nein'),
(861, 26, 'Mixteam*', 'Nein');

-- --------------------------------------------------------

--
-- Tabellenstruktur für Tabelle `archiv_teams_strafen`
--

CREATE TABLE `archiv_teams_strafen` (
  `team_id` int(11) NOT NULL,
  `turnier_id` int(11) NOT NULL,
  `strafe` int(11) NOT NULL
) ENGINE=InnoDB DEFAULT CHARSET=utf8mb4;

-- --------------------------------------------------------

--
-- Tabellenstruktur für Tabelle `archiv_turniere_details`
--

CREATE TABLE `archiv_turniere_details` (
  `turnier_id` int(11) NOT NULL,
  `tname` varchar(255) NOT NULL,
  `hallenname` varchar(255) NOT NULL,
  `startzeit` varchar(255) NOT NULL,
  `ausrichter` int(11) NOT NULL COMMENT 'team_id des Ausrichters',
  `ort` varchar(255) NOT NULL,
  `format` varchar(255) NOT NULL
) ENGINE=InnoDB DEFAULT CHARSET=utf8mb4;

--
-- Daten für Tabelle `archiv_turniere_details`
--

INSERT INTO `archiv_turniere_details` (`turnier_id`, `tname`, `hallenname`, `startzeit`, `ausrichter`, `ort`, `format`) VALUES
(707, '', '', '10:00:00', 632, 'Elmshorn', 'gruppe'),
(708, '', '', '10:00:00', 162, 'Stadtlohn', 'jgj'),
(709, '', '', '10:00:00', 308, 'Stadtlohn', 'jgj'),
(710, '', '', '10:00:00', 611, 'Stadtlohn', 'jgj'),
(711, '', '', '10:00:00', 21, 'Thedinghausen (bei Bremen)', 'gruppe'),
(712, '', '', '10:00:00', 21, 'Thedinghausen (bei Bremen)', 'jgj'),
(713, '', '', '10:00:00', 529, 'Thedinghausen (bei Bremen)', 'gruppe'),
(714, '', '', '10:00:00', 529, 'Thedinghausen (bei Bremen)', 'jgj'),
(715, '', '', '10:00:00', 307, 'Lübeck', 'gruppe'),
(716, '', '', '09:30:00', 430, 'Bochum', 'jgj'),
(718, '', '', '10:00:00', 243, 'Münster', 'jgj'),
(719, '', '', '10:00:00', 243, 'Münster', 'jgj'),
(720, '', '', '10:00:00', 243, 'Münster', 'jgj'),
(721, '', '', '10:30:00', 689, 'Lilienthal', 'jgj'),
(722, '', '', '10:30:00', 689, 'Lilienthal', 'jgj'),
(723, '', '', '10:30:00', 501, 'Lilienthal', 'jgj'),
(724, '', '', '10:30:00', 501, 'Lilienthal', 'jgj'),
(725, '', '', '10:00:00', 431, 'Leipzig', 'jgj'),
(726, '', '', '10:00:00', 33, 'Hamburg', 'jgj'),
(727, '', '', '10:00:00', 321, 'Meißen', 'jgj'),
(728, '', '', '10:00:00', 86, 'Trier', 'jgj'),
(729, '', '', '10:00:00', 623, 'Trier', 'gruppe'),
(730, '', '', '10:00:00', 30, 'Bad Homburg', 'gruppe'),
(731, '', '', '10:00:00', 34, 'Köln', 'jgj'),
(732, '', '', '10:00:00', 428, 'Bad Homburg', 'gruppe'),
(733, '', '', '10:00:00', 27, 'Dresden', 'jgj'),
(735, '', '', '10:00:00', 178, 'Borken (NRW)', 'gruppe'),
(737, '', '', '10:00:00', 154, 'Hahnstätten', 'jgj'),
(739, '', '', '10:00:00', 240, 'Hahnstätten', 'jgj'),
(740, '', '', '10:00:00', 305, 'Hahnstätten', 'jgj'),
(741, '', '', '10:00:00', 322, 'Ober-Ramstadt', 'jgj'),
(742, '', '', '10:00:00', 393, 'Mainz', 'jgj'),
(743, '', '', '10:00:00', 393, 'Mainz', 'jgj'),
(745, '', '', '10:00:00', 44, 'Bottrop', 'jgj'),
(748, '', '', '10:00:00', 26, 'Münster (bei Dieburg)', 'jgj'),
(749, '', '', '10:00:00', 16, 'Mörfelden', 'jgj'),
(752, '', '', '10:00:00', 16, 'Mörfelden', 'jgj'),
(753, '', '', '10:00:00', 16, 'Mörfelden', 'jgj'),
(755, '', '', '10:00:00', 621, 'Frankfurt/Main', 'gruppe'),
(756, '', '', '10:00:00', 422, 'Stadtlohn', 'jgj'),
(758, '', '', '10:00:00', 32, 'Düsseldorf', 'jgj'),
(761, '', '', '10:00:00', 535, 'Herne', 'jgj'),
(762, '', '', '10:00:00', 42, 'Herne', 'jgj'),
(763, '', '', '10:00:00', 530, 'Remscheid', 'jgj'),
(764, '', '', '10:00:00', 12, 'Berlin', 'jgj'),
(766, '', '', '10:00:00', 315, 'Borken (Westfalen)', 'jgj'),
(768, '', '', '10:00:00', 423, 'Dresden', 'jgj'),
(769, '', '', '10:00:00', 27, 'Dresden', 'jgj'),
(770, '', '', '10:00:00', 20, 'Solingen', 'jgj'),
(772, '', '', '10:00:00', 312, 'Kronshagen', 'gruppe'),
(774, '', '', '10:00:00', 696, 'Lübeck', 'jgj'),
(776, '', '', '10:00:00', 8, 'Herne', 'jgj'),
(778, '', '', '10:00:00', 14, 'Düsseldorf', 'jgj'),
(779, '', '', '10:00:00', 87, 'Herne', 'jgj'),
(781, '', '', '10:00:00', 30, 'Bad Homburg', 'jgj'),
(782, '', '', '10:00:00', 44, 'Düsseldorf', 'jgj'),
(783, '', '', '10:00:00', 615, 'Kirn', 'jgj'),
(784, '', '', '10:00:00', 314, 'Mörfelden', 'gruppe'),
(785, '', '', '10:00:00', 314, 'Mörfelden', 'gruppe'),
(786, '', '', '10:00:00', 314, 'Mörfelden', 'gruppe'),
(787, '', '', '10:00:00', 40, 'Meerbusch - Lank-Latum', 'gruppe'),
(788, '', '', '10:00:00', 706, 'Meerbusch - Lank-Latum', 'jgj'),
(789, '', '', '10:00:00', 320, 'Meerbusch - Lank-Latum', 'jgj'),
(790, '', '', '10:00:00', 38, 'Wuppertal', 'jgj'),
(797, '', '', '10:00:00', 86, 'Trier', 'jgj'),
(799, '', '', '10:30:00', 501, 'Lilienthal', 'jgj'),
(801, '', '', '10:00:00', 2, 'Remscheid', 'jgj'),
(802, '', '', '10:00:00', 529, 'Thedinghausen (bei Bremen)', 'jgj'),
(804, '', '', '10:00:00', 717, 'Hamburg', 'gruppe'),
(806, '', '', '09:00:00', 307, 'Lübeck', 'jgj'),
(809, '', '', '10:00:00', 533, 'Dresden', 'jgj'),
(810, '', '', '10:00:00', 36, 'Rastede', 'gruppe'),
(813, '', '', '10:00:00', 692, 'Stadtlohn', 'jgj'),
(816, '', '', '10:00:00', 11, 'Hannover', 'jgj'),
(817, '', '', '12:30:00', 155, 'Trier', 'jgj'),
(821, '', '', '10:00:00', 42, 'Herne', 'jgj'),
(822, '', '', '10:00:00', 535, 'Herne', 'jgj'),
(823, '', '', '10:00:00', 652, 'Jüchen', 'jgj'),
(825, 'Quali', '', '10:00:00', 21, 'Thedinghausen (bei Bremen)', 'jgj'),
(826, 'D-Meisterschaft', '', '10:00:00', 38, 'Wuppertal', 'jgj'),
(827, 'Deutsche Meisterschaft', '', '12:00:00', 38, 'Wuppertal', 'jgj'),
(828, 'B-Meisterschaft', '', '09:30:00', 38, 'Wuppertal', 'jgj'),
(829, 'C-Meisterschaft', '', '10:00:00', 38, 'Wuppertal', 'jgj'),
(830, '', '', '10:00:00', 529, 'Thedinghausen (bei Bremen)', 'gruppe'),
(847, '', '', '10:00:00', 692, 'Stadtlohn', 'jgj'),
(850, '', '', '10:00:00', 44, 'Bottrop', 'jgj'),
(851, '', '', '10:00:00', 30, 'Bad Homburg', 'jgj'),
(852, '', '', '10:00:00', 610, 'Lübeck', 'jgj'),
(854, '', '', '09:30:00', 307, 'Lübeck', 'jgj'),
(860, '', 'Turnhalle der Schule an der Wakenitz', '10:00:00', 610, 'Lübeck', 'jgj'),
(882, '', '', '10:00:00', 443, 'Freiburg', 'jgj'),
(885, '', 'Röntgengymnasium', '11:00:00', 2, 'Remscheid', 'jgj'),
(895, '', 'Grundschule Russee', '14:30:00', 831, 'Kiel', 'jgj'),
(896, '', 'Röntgen Gymnasium', '10:00:00', 37, 'Remscheid', 'jgj'),
(899, '', 'Carl-Schumann-Sportanlage', '11:00:00', 12, 'Berlin', 'jgj'),
(905, '', 'Dieter-Forte-Gesamtschule', '10:00:00', 32, 'Düsseldorf', 'jgj'),
(913, '', 'Sporthalle am Heinrich-Heine-Gymnasium Bottrop', '10:00:00', 44, 'Bottrop', 'jgj'),
(914, 'Römer-Cup', 'Wolfsberghalle', '10:00:00', 86, 'Trier', 'jgj'),
(915, '', 'Wolfsberghalle', '16:00:00', 244, 'Trier', 'jgj'),
(916, '', 'Gustav England Halle', '10:00:00', 529, 'Thedinghausen', 'jgj'),
(920, 'Tiger-Turnier', 'Sporthalle Marie-Curie-Gymnasium', '09:00:00', 423, 'Dresden', 'jgj');

-- --------------------------------------------------------

--
-- Tabellenstruktur für Tabelle `archiv_turniere_ergebnisse`
--

CREATE TABLE `archiv_turniere_ergebnisse` (
  `team_id` int(11) NOT NULL,
  `turnier_id` int(11) NOT NULL,
  `ergebnis` int(11) NOT NULL,
  `platz` int(11) NOT NULL
) ENGINE=InnoDB DEFAULT CHARSET=utf8mb4;

--
-- Daten für Tabelle `archiv_turniere_ergebnisse`
--

INSERT INTO `archiv_turniere_ergebnisse` (`team_id`, `turnier_id`, `ergebnis`, `platz`) VALUES
(2, 709, 147, 1),
(2, 739, 102, 3),
(2, 756, 90, 2),
(2, 770, 79, 5),
(2, 778, 117, 3),
(2, 788, 103, 3),
(2, 801, 108, 2),
(2, 826, 0, 5),
(2, 847, 31, 7),
(2, 885, 82, 3),
(8, 752, 1065, 2),
(8, 753, 1327, 1),
(8, 758, 646, 4),
(8, 762, 801, 1),
(8, 776, 1010, 2),
(8, 827, 0, 3),
(11, 723, 83, 5),
(11, 724, 247, 3),
(11, 810, 165, 4),
(11, 816, 261, 2),
(11, 913, 86, 5),
(12, 712, 843, 2),
(12, 713, 362, 2),
(12, 726, 817, 2),
(12, 764, 682, 1),
(12, 781, 682, 3),
(12, 799, 419, 1),
(12, 827, 0, 4),
(12, 899, 623, 1),
(14, 770, 46, 6),
(14, 778, 176, 1),
(16, 748, 1085, 1),
(16, 749, 1185, 1),
(16, 752, 879, 3),
(16, 753, 1066, 2),
(16, 758, 1092, 2),
(16, 776, 1238, 1),
(16, 827, 0, 1),
(16, 851, 813, 1),
(16, 896, 1096, 1),
(16, 905, 1034, 1),
(18, 749, 967, 2),
(18, 752, 377, 6),
(18, 753, 766, 3),
(20, 847, 291, 2),
(20, 850, 324, 2),
(20, 913, 361, 3),
(21, 712, 699, 3),
(21, 713, 511, 1),
(21, 716, 815, 1),
(21, 752, 532, 5),
(21, 758, 208, 6),
(21, 764, 474, 2),
(21, 776, 771, 3),
(21, 816, 416, 1),
(21, 827, 0, 5),
(21, 896, 846, 2),
(21, 913, 569, 2),
(25, 728, 299, 2),
(25, 730, 117, 6),
(25, 741, 215, 2),
(25, 742, 187, 4),
(25, 743, 189, 5),
(25, 817, 367, 3),
(25, 829, 0, 1),
(25, 851, 78, 7),
(26, 716, 652, 2),
(26, 737, 557, 3),
(26, 748, 239, 5),
(26, 749, 489, 4),
(26, 752, 674, 4),
(26, 781, 519, 4),
(26, 782, 633, 2),
(26, 817, 508, 2),
(26, 827, 0, 6),
(27, 725, 244, 2),
(27, 727, 240, 1),
(27, 733, 214, 3),
(27, 768, 247, 2),
(27, 769, 370, 1),
(27, 899, 211, 3),
(27, 920, 422, 1),
(30, 716, 474, 3),
(30, 718, 548, 2),
(30, 719, 391, 3),
(30, 730, 327, 4),
(30, 737, 137, 5),
(30, 743, 538, 1),
(30, 748, 364, 4),
(30, 749, 125, 6),
(30, 762, 596, 2),
(30, 764, 284, 3),
(30, 781, 230, 6),
(30, 828, 0, 1),
(30, 851, 317, 4),
(30, 914, 443, 2),
(32, 712, 1061, 1),
(32, 726, 1035, 1),
(32, 749, 717, 3),
(32, 752, 1261, 1),
(32, 758, 864, 3),
(32, 776, 572, 4),
(32, 821, 1029, 1),
(32, 827, 0, 2),
(32, 905, 784, 2),
(33, 712, 310, 5),
(33, 714, 391, 1),
(33, 726, 310, 5),
(33, 781, 947, 1),
(33, 804, 371, 1),
(33, 821, 636, 3),
(33, 830, 374, 1),
(33, 854, 293, 3),
(34, 731, 36, 6),
(36, 713, 13, 8),
(36, 714, 137, 5),
(36, 721, 37, 5),
(36, 802, 46, 4),
(36, 810, 43, 7),
(37, 737, 785, 2),
(37, 776, 173, 6),
(37, 781, 812, 2),
(37, 782, 468, 3),
(37, 813, 435, 1),
(37, 821, 173, 6),
(37, 896, 673, 3),
(37, 905, 348, 4),
(38, 729, 107, 1),
(38, 731, 56, 5),
(38, 787, 95, 2),
(38, 788, 45, 5),
(38, 789, 25, 4),
(38, 790, 82, 2),
(38, 801, 55, 4),
(38, 826, 0, 6),
(40, 787, 46, 5),
(42, 716, 376, 4),
(42, 720, 663, 1),
(42, 745, 275, 5),
(42, 762, 317, 5),
(42, 766, 319, 2),
(42, 779, 328, 3),
(42, 782, 295, 4),
(42, 821, 478, 4),
(42, 828, 0, 2),
(42, 896, 316, 5),
(44, 718, 271, 5),
(44, 719, 498, 2),
(44, 720, 554, 2),
(44, 728, 402, 1),
(44, 745, 389, 4),
(44, 762, 182, 6),
(44, 770, 288, 2),
(44, 782, 175, 5),
(44, 802, 266, 1),
(44, 813, 206, 3),
(44, 816, 145, 4),
(44, 817, 213, 5),
(44, 828, 0, 6),
(44, 847, 376, 1),
(44, 850, 428, 1),
(44, 913, 217, 4),
(44, 916, 313, 1),
(86, 708, 149, 6),
(86, 728, 76, 6),
(86, 731, 298, 1),
(86, 742, 63, 6),
(86, 770, 171, 3),
(86, 788, 186, 1),
(86, 797, 197, 2),
(86, 801, 151, 1),
(86, 817, 59, 7),
(86, 826, 0, 1),
(86, 847, 188, 3),
(86, 850, 178, 4),
(86, 885, 197, 1),
(86, 914, 121, 4),
(87, 708, 437, 1),
(87, 720, 434, 3),
(87, 731, 246, 2),
(87, 762, 395, 4),
(87, 779, 448, 2),
(87, 828, 0, 4),
(87, 896, 151, 6),
(154, 718, 677, 1),
(154, 719, 646, 1),
(154, 730, 632, 1),
(154, 737, 318, 4),
(154, 745, 691, 2),
(154, 748, 571, 3),
(154, 749, 290, 5),
(154, 752, 163, 7),
(154, 851, 598, 2),
(154, 896, 515, 4),
(155, 708, 383, 2),
(155, 718, 357, 4),
(155, 720, 205, 5),
(155, 728, 178, 4),
(155, 730, 409, 3),
(155, 742, 353, 2),
(155, 743, 441, 2),
(155, 797, 322, 1),
(155, 813, 299, 2),
(155, 817, 302, 4),
(155, 828, 0, 3),
(155, 850, 309, 3),
(155, 851, 420, 3),
(155, 882, 260, 1),
(155, 914, 278, 3),
(161, 708, 81, 7),
(161, 718, 164, 6),
(161, 762, 75, 7),
(161, 766, 225, 3),
(161, 779, 163, 4),
(161, 822, 129, 2),
(162, 708, 201, 5),
(162, 761, 64, 6),
(162, 766, 41, 7),
(162, 778, 44, 6),
(162, 801, 79, 3),
(178, 735, 57, 4),
(178, 756, 40, 5),
(178, 778, 13, 7),
(178, 790, 39, 5),
(178, 823, 36, 4),
(240, 739, 172, 1),
(240, 742, 96, 5),
(240, 817, 89, 6),
(240, 851, 121, 6),
(243, 713, 157, 5),
(243, 716, 264, 5),
(243, 718, 89, 7),
(243, 719, 279, 4),
(243, 720, 91, 6),
(243, 722, 292, 1),
(243, 724, 325, 2),
(243, 743, 71, 7),
(243, 766, 375, 1),
(243, 779, 91, 5),
(243, 829, 0, 4),
(244, 729, 64, 4),
(244, 740, 73, 3),
(244, 783, 86, 2),
(244, 785, 123, 2),
(244, 797, 37, 5),
(244, 915, 104, 1),
(262, 809, 81, 6),
(305, 740, 55, 4),
(305, 755, 43, 6),
(305, 786, 19, 7),
(305, 882, 35, 5),
(306, 707, 32, 6),
(306, 715, 67, 5),
(306, 772, 18, 6),
(306, 774, 39, 5),
(307, 711, 284, 1),
(307, 713, 254, 3),
(307, 719, 222, 5),
(307, 724, 399, 1),
(307, 810, 319, 1),
(307, 829, 0, 2),
(307, 854, 493, 1),
(307, 899, 361, 2),
(308, 709, 58, 5),
(308, 761, 134, 3),
(308, 813, 33, 6),
(310, 713, 176, 4),
(310, 714, 261, 2),
(310, 761, 183, 1),
(310, 766, 177, 4),
(310, 816, 204, 3),
(310, 826, 0, 2),
(312, 707, 48, 5),
(312, 715, 84, 4),
(312, 772, 87, 2),
(312, 806, 64, 4),
(312, 852, 140, 1),
(312, 854, 54, 4),
(312, 860, 115, 2),
(312, 895, 113, 2),
(312, 916, 53, 5),
(314, 784, 40, 4),
(314, 785, 36, 6),
(314, 786, 39, 6),
(314, 882, 55, 4),
(315, 708, 226, 4),
(315, 766, 75, 6),
(315, 778, 91, 4),
(320, 709, 77, 4),
(320, 710, 45, 5),
(320, 735, 98, 1),
(320, 787, 79, 3),
(320, 789, 72, 2),
(320, 790, 102, 1),
(320, 822, 77, 3),
(320, 823, 119, 1),
(321, 725, 48, 5),
(321, 727, 146, 3),
(321, 733, 131, 4),
(321, 809, 104, 5),
(321, 920, 125, 5),
(322, 731, 167, 3),
(322, 739, 142, 2),
(322, 740, 130, 1),
(322, 741, 153, 3),
(322, 755, 118, 2),
(322, 785, 166, 1),
(322, 786, 151, 2),
(335, 729, 23, 7),
(335, 740, 15, 6),
(361, 710, 13, 7),
(361, 735, 11, 8),
(393, 728, 218, 3),
(393, 741, 109, 4),
(393, 742, 244, 3),
(393, 743, 240, 4),
(421, 707, 175, 1),
(421, 711, 146, 3),
(421, 715, 122, 2),
(421, 772, 129, 1),
(421, 774, 82, 3),
(421, 806, 100, 3),
(421, 810, 32, 8),
(421, 830, 190, 3),
(421, 854, 343, 2),
(421, 860, 169, 1),
(421, 916, 204, 2),
(422, 756, 13, 7),
(423, 715, 99, 3),
(423, 721, 187, 1),
(423, 725, 307, 1),
(423, 727, 178, 2),
(423, 733, 239, 2),
(423, 768, 156, 3),
(423, 769, 150, 4),
(423, 809, 68, 7),
(423, 826, 0, 4),
(423, 920, 282, 3),
(427, 718, 450, 3),
(427, 720, 309, 4),
(427, 730, 220, 5),
(427, 743, 347, 3),
(427, 770, 374, 1),
(427, 828, 0, 5),
(428, 732, 46, 5),
(428, 755, 65, 4),
(428, 785, 13, 7),
(429, 781, 371, 5),
(430, 716, 183, 6),
(430, 745, 131, 6),
(430, 762, 498, 3),
(431, 725, 15, 6),
(431, 727, 26, 6),
(431, 816, 13, 7),
(435, 725, 124, 4),
(435, 727, 75, 5),
(435, 733, 99, 5),
(435, 768, 313, 1),
(435, 769, 222, 3),
(435, 809, 263, 2),
(435, 899, 91, 4),
(443, 729, 93, 2),
(443, 732, 59, 4),
(443, 783, 66, 3),
(443, 882, 83, 3),
(501, 711, 85, 5),
(501, 722, 108, 4),
(501, 723, 233, 3),
(501, 724, 96, 6),
(501, 799, 65, 4),
(501, 810, 70, 6),
(529, 707, 148, 2),
(529, 710, 99, 2),
(529, 711, 122, 4),
(529, 713, 45, 7),
(529, 714, 219, 3),
(529, 715, 165, 1),
(529, 721, 94, 4),
(529, 724, 139, 5),
(529, 756, 137, 1),
(529, 761, 114, 4),
(529, 764, 57, 6),
(529, 774, 131, 1),
(529, 786, 84, 4),
(529, 799, 191, 2),
(529, 802, 101, 3),
(529, 810, 244, 2),
(529, 816, 56, 5),
(529, 829, 0, 5),
(529, 830, 96, 5),
(529, 850, 52, 6),
(529, 916, 91, 4),
(529, 920, 322, 2),
(530, 709, 38, 6),
(530, 735, 69, 3),
(530, 756, 66, 3),
(530, 763, 73, 1),
(533, 727, 117, 4),
(533, 733, 275, 1),
(533, 768, 52, 5),
(533, 769, 265, 2),
(533, 809, 312, 1),
(533, 920, 87, 6),
(534, 712, 491, 4),
(534, 726, 491, 4),
(534, 745, 864, 1),
(534, 753, 239, 5),
(534, 758, 407, 5),
(534, 776, 354, 5),
(534, 779, 665, 1),
(534, 782, 814, 1),
(534, 905, 556, 3),
(534, 913, 786, 1),
(535, 709, 23, 7),
(535, 710, 63, 4),
(535, 761, 85, 5),
(535, 790, 53, 4),
(535, 822, 18, 6),
(610, 715, 47, 6),
(610, 774, 100, 2),
(610, 806, 31, 6),
(610, 852, 50, 4),
(610, 860, 21, 7),
(610, 895, 28, 5),
(611, 710, 26, 6),
(611, 735, 33, 6),
(611, 763, 55, 2),
(615, 729, 34, 6),
(615, 732, 35, 6),
(615, 739, 30, 5),
(615, 740, 30, 5),
(615, 755, 54, 5),
(615, 783, 30, 5),
(615, 784, 98, 2),
(615, 786, 51, 5),
(620, 712, 137, 6),
(620, 726, 137, 6),
(620, 730, 502, 2),
(620, 745, 526, 3),
(620, 781, 112, 7),
(620, 829, 0, 3),
(621, 728, 22, 7),
(621, 732, 87, 2),
(621, 739, 52, 4),
(621, 740, 94, 2),
(621, 755, 135, 1),
(621, 783, 50, 4),
(621, 784, 121, 1),
(621, 786, 108, 3),
(623, 729, 11, 8),
(623, 783, 15, 6),
(623, 915, 18, 4),
(624, 725, 153, 3),
(624, 768, 94, 4),
(632, 707, 13, 7),
(632, 711, 26, 6),
(632, 715, 11, 8),
(632, 772, 33, 5),
(632, 802, 15, 6),
(632, 804, 15, 6),
(632, 830, 13, 8),
(632, 852, 71, 3),
(633, 735, 22, 7),
(633, 790, 26, 6),
(633, 801, 15, 6),
(633, 885, 20, 5),
(633, 915, 38, 3),
(637, 707, 63, 4),
(637, 715, 30, 7),
(637, 772, 48, 4),
(637, 860, 39, 6),
(645, 756, 53, 4),
(645, 787, 22, 7),
(652, 710, 76, 3),
(652, 735, 46, 5),
(652, 756, 27, 6),
(652, 778, 57, 5),
(652, 787, 59, 4),
(652, 788, 27, 6),
(652, 789, 46, 3),
(652, 790, 67, 3),
(652, 823, 54, 3),
(689, 711, 202, 2),
(689, 713, 92, 6),
(689, 714, 62, 7),
(689, 721, 167, 2),
(689, 722, 174, 3),
(689, 723, 402, 1),
(689, 724, 62, 7),
(689, 731, 132, 4),
(689, 743, 114, 6),
(689, 764, 95, 5),
(689, 766, 147, 5),
(689, 797, 140, 3),
(689, 799, 131, 3),
(689, 802, 135, 2),
(689, 804, 131, 3),
(689, 806, 166, 1),
(689, 809, 209, 3),
(689, 810, 106, 5),
(689, 826, 0, 3),
(689, 830, 70, 6),
(689, 916, 141, 3),
(690, 761, 13, 7),
(690, 763, 18, 4),
(690, 790, 13, 7),
(690, 822, 33, 5),
(691, 755, 83, 3),
(691, 783, 101, 1),
(691, 785, 57, 5),
(691, 797, 64, 4),
(691, 801, 36, 5),
(691, 822, 54, 4),
(691, 915, 68, 2),
(692, 709, 103, 2),
(692, 761, 159, 2),
(692, 778, 154, 2),
(692, 788, 139, 2),
(692, 813, 75, 5),
(692, 830, 225, 2),
(692, 847, 75, 6),
(692, 850, 109, 5),
(694, 721, 15, 6),
(695, 728, 89, 5),
(695, 732, 106, 1),
(695, 741, 50, 5),
(695, 786, 172, 1),
(695, 882, 123, 2),
(696, 774, 54, 4),
(696, 806, 14, 7),
(700, 708, 309, 3),
(701, 711, 13, 7),
(702, 732, 70, 3),
(702, 847, 134, 4),
(702, 914, 46, 5),
(703, 721, 152, 3),
(706, 709, 90, 3),
(706, 710, 121, 1),
(706, 787, 118, 1),
(706, 788, 72, 4),
(706, 789, 108, 1),
(706, 823, 91, 2),
(706, 847, 110, 5),
(706, 885, 125, 2),
(708, 733, 33, 6),
(711, 763, 37, 3),
(713, 729, 82, 3),
(714, 774, 15, 6),
(716, 739, 15, 6),
(717, 707, 125, 3),
(717, 714, 191, 4),
(717, 722, 192, 2),
(717, 723, 182, 4),
(717, 724, 195, 4),
(717, 804, 97, 4),
(718, 729, 47, 5),
(719, 726, 673, 3),
(720, 727, 13, 7),
(722, 722, 36, 5),
(723, 735, 83, 2),
(724, 737, 1025, 1),
(726, 741, 13, 7),
(728, 732, 23, 7),
(729, 732, 11, 8),
(730, 730, 39, 7),
(731, 742, 463, 1),
(732, 772, 67, 3),
(733, 723, 334, 2),
(734, 797, 15, 6),
(737, 770, 15, 7),
(738, 748, 811, 2),
(739, 714, 124, 6),
(740, 741, 278, 1),
(741, 741, 27, 6),
(744, 806, 137, 2),
(745, 784, 80, 3),
(746, 787, 11, 8),
(747, 769, 50, 5),
(748, 755, 11, 8),
(749, 787, 34, 6),
(750, 788, 13, 7),
(751, 758, 1332, 1),
(752, 802, 31, 5),
(753, 755, 23, 7),
(754, 799, 22, 5),
(755, 816, 27, 6),
(760, 823, 18, 5),
(761, 764, 153, 4),
(762, 804, 198, 2),
(763, 804, 31, 5),
(765, 817, 651, 1),
(766, 785, 81, 4),
(767, 806, 49, 5),
(770, 785, 106, 3),
(771, 809, 172, 4),
(773, 813, 13, 7),
(774, 821, 347, 5),
(775, 821, 811, 2),
(777, 813, 117, 4),
(809, 753, 479, 4),
(810, 810, 225, 3),
(825, 852, 104, 2),
(829, 860, 89, 3),
(830, 851, 200, 5),
(831, 852, 18, 5),
(831, 860, 67, 4),
(831, 895, 138, 1),
(836, 830, 27, 7),
(837, 854, 18, 5),
(837, 860, 36, 6),
(837, 885, 40, 4),
(839, 830, 140, 4),
(842, 882, 15, 6),
(847, 916, 18, 6),
(849, 716, 47, 7),
(849, 719, 141, 6),
(849, 770, 126, 4),
(849, 782, 31, 6),
(849, 822, 157, 1),
(850, 914, 608, 1),
(852, 920, 213, 4),
(853, 895, 74, 3),
(855, 905, 175, 5),
(856, 905, 87, 6),
(857, 895, 46, 4);

-- --------------------------------------------------------

--
-- Tabellenstruktur für Tabelle `archiv_turniere_liga`
--

CREATE TABLE `archiv_turniere_liga` (
  `turnier_id` int(11) NOT NULL,
  `saison` int(11) NOT NULL,
  `spieltag` int(11) NOT NULL,
  `datum` date NOT NULL,
  `plaetze` int(11) NOT NULL,
  `tblock` varchar(255) NOT NULL,
  `art` varchar(255) NOT NULL
) ENGINE=InnoDB DEFAULT CHARSET=utf8mb4;

--
-- Daten für Tabelle `archiv_turniere_liga`
--

INSERT INTO `archiv_turniere_liga` (`turnier_id`, `saison`, `spieltag`, `datum`, `plaetze`, `tblock`, `art`) VALUES
(707, 24, 0, '2019-05-26', 8, 'ABCDEF', 'III'),
(708, 24, 0, '2019-02-16', 7, 'DE', 'II'),
(709, 24, 0, '2019-03-16', 7, 'EF', 'II'),
(710, 24, 0, '2019-05-04', 7, 'F', 'II'),
(711, 24, 0, '2019-03-09', 8, 'ABCDEF', 'III'),
(712, 24, 0, '2019-04-07', 6, 'AB', 'II'),
(713, 24, 0, '2019-03-30', 8, 'ABCDEF', 'III'),
(714, 24, 0, '2019-06-22', 7, 'ABCDEF', 'III'),
(715, 24, 0, '2019-02-02', 8, 'ABCDEF', 'III'),
(716, 24, 0, '2019-03-02', 7, 'ABCDEF', 'III'),
(718, 24, 0, '2019-03-09', 7, 'BC', 'II'),
(719, 24, 0, '2019-05-18', 7, 'ABCDEF', 'III'),
(720, 24, 0, '2019-09-14', 7, 'CD', 'II'),
(721, 24, 0, '2019-02-03', 6, 'DEF', 'I'),
(722, 24, 0, '2019-04-28', 6, 'ABCDEF', 'III'),
(723, 24, 0, '2019-05-19', 6, 'DE', 'II'),
(724, 24, 0, '2019-06-30', 7, 'DE', 'II'),
(725, 24, 0, '2019-05-18', 7, 'ABCDEF', 'III'),
(726, 24, 0, '2019-04-06', 7, 'AB', 'II'),
(727, 24, 0, '2019-03-23', 7, 'ABCDEF', 'III'),
(728, 24, 0, '2019-03-17', 7, 'CD', 'II'),
(729, 24, 0, '2019-03-17', 8, 'EF', 'II'),
(730, 24, 0, '2019-04-28', 8, 'BC', 'II'),
(731, 24, 0, '2019-03-23', 6, 'DE', 'II'),
(732, 24, 0, '2019-04-27', 8, 'F', 'II'),
(733, 24, 0, '2019-02-10', 6, 'ABCDEF', 'III'),
(735, 24, 0, '2019-04-06', 8, 'F', 'II'),
(737, 24, 0, '2019-04-06', 6, 'AB', 'II'),
(739, 24, 0, '2019-04-07', 6, 'EF', 'II'),
(740, 24, 0, '2019-05-12', 6, 'EF', 'II'),
(741, 24, 0, '2019-06-15', 7, 'DE', 'II'),
(742, 24, 0, '2019-05-12', 7, 'DE', 'II'),
(743, 24, 0, '2019-10-19', 7, 'CD', 'II'),
(745, 24, 0, '2019-05-04', 6, 'BC', 'II'),
(748, 24, 0, '2019-06-01', 6, 'ABCDEF', 'III'),
(749, 24, 0, '2019-03-24', 6, 'AB', 'II'),
(752, 24, 0, '2019-10-12', 7, 'AB', 'II'),
(753, 24, 0, '2019-10-27', 7, 'AB', 'II'),
(755, 24, 0, '2019-08-24', 8, 'F', 'II'),
(756, 24, 0, '2019-09-07', 7, 'EF', 'II'),
(758, 24, 0, '2019-07-13', 6, 'ABCDEF', 'III'),
(761, 24, 0, '2019-04-06', 7, 'EF', 'II'),
(762, 24, 0, '2019-04-07', 7, 'ABCDEF', 'III'),
(763, 24, 0, '2019-03-24', 4, 'F', 'II'),
(764, 24, 0, '2019-09-28', 6, 'AB', 'II'),
(766, 24, 0, '2019-05-25', 7, 'CDE', 'II'),
(768, 24, 0, '2019-04-07', 6, 'DE', 'II'),
(769, 24, 0, '2019-06-23', 6, 'ABCDEF', 'III'),
(770, 24, 0, '2019-05-26', 7, 'CD', 'II'),
(772, 24, 0, '2019-06-08', 8, 'ABCDEF', 'III'),
(774, 24, 0, '2019-04-27', 6, 'F', 'II'),
(776, 24, 0, '2019-05-11', 6, 'AB', 'II'),
(778, 24, 0, '2019-09-14', 7, 'EF', 'II'),
(779, 24, 0, '2019-05-12', 6, 'BC', 'II'),
(781, 24, 0, '2019-09-07', 7, 'BC', 'II'),
(782, 24, 0, '2019-09-21', 6, 'BC', 'II'),
(783, 24, 0, '2019-05-26', 7, 'F', 'II'),
(784, 24, 0, '2019-06-23', 8, 'EF', 'II'),
(785, 24, 0, '2019-09-22', 8, 'EF', 'II'),
(786, 24, 0, '2019-10-13', 8, 'EF', 'II'),
(787, 24, 0, '2019-07-07', 8, 'F', 'II'),
(788, 24, 0, '2019-07-06', 7, 'EF', 'II'),
(789, 24, 0, '2019-09-08', 7, 'F', 'II'),
(790, 24, 0, '2019-05-26', 7, 'F', 'II'),
(797, 24, 0, '2019-06-01', 7, 'ABCDEF', 'III'),
(799, 24, 0, '2019-08-25', 6, 'ABCDEF', 'III'),
(801, 24, 0, '2019-10-12', 7, 'EF', 'II'),
(802, 24, 0, '2019-08-31', 6, 'ABCDEF', 'III'),
(804, 24, 0, '2019-09-14', 8, 'ABCDEF', 'III'),
(806, 24, 0, '2019-09-15', 6, 'ABCDEF', 'III'),
(809, 24, 0, '2019-10-05', 7, 'ABCDEF', 'III'),
(810, 24, 0, '2019-10-27', 8, 'ABCDEF', 'III'),
(813, 24, 0, '2019-10-12', 7, 'ABCDEF', 'III'),
(816, 24, 0, '2019-10-20', 7, 'ABCDEF', 'III'),
(817, 24, 0, '2019-09-22', 7, 'BC', 'II'),
(821, 24, 0, '2019-10-05', 6, 'ABCDEF', 'III'),
(822, 24, 0, '2019-10-06', 6, 'EF', 'II'),
(823, 24, 0, '2019-10-03', 6, 'F', 'II'),
(825, 24, 0, '2019-11-02', 5, 'final', 'final'),
(826, 24, 0, '2019-11-16', 6, 'final', 'final'),
(827, 24, 0, '2019-11-16', 6, 'final', 'final'),
(828, 24, 0, '2019-11-17', 6, 'final', 'final'),
(829, 24, 0, '2019-11-17', 5, 'final', 'final'),
(830, 25, 0, '2020-02-22', 8, 'ABCDEF', 'III'),
(847, 25, 0, '2020-02-15', 7, 'DE', 'II'),
(850, 25, 0, '2020-02-02', 6, 'CD', 'II'),
(851, 25, 0, '2020-02-08', 7, 'ABCDEF', 'III'),
(852, 25, 0, '2020-02-01', 5, 'F', 'II'),
(854, 25, 0, '2020-02-02', 7, 'ABCDEF', 'III'),
(860, 26, 3, '2020-09-26', 7, 'ABCDEF', 'III'),
(882, 25, 0, '2020-03-08', 7, 'ABCDEF', 'III'),
(885, 26, 2, '2020-09-05', 5, 'DEF', 'II'),
(895, 26, 6, '2020-10-24', 5, 'EF', 'II'),
(896, 26, 2, '2020-09-06', 6, 'AB', 'II'),
(899, 26, 2, '2020-09-05', 5, 'ABCDEF', 'III'),
(905, 26, 5, '2020-10-10', 6, 'A', 'II'),
(913, 26, 1, '2020-08-22', 5, 'BC', 'I'),
(914, 26, 1, '2020-08-23', 5, 'BCD', 'I'),
(915, 26, 1, '2020-08-23', 4, 'EF', 'I'),
(916, 26, 4, '2020-10-03', 6, 'ABCDEF', 'III'),
(920, 26, 5, '2020-10-10', 6, 'ABCDEF', 'III');

-- --------------------------------------------------------

--
-- Tabellenstruktur für Tabelle `archiv_turniere_spiele`
--

CREATE TABLE `archiv_turniere_spiele` (
  `turnier_id` int(11) NOT NULL,
  `spiel_id` int(8) NOT NULL,
  `team_id_a` int(11) NOT NULL,
  `team_id_b` int(11) NOT NULL,
  `schiri_team_id_a` int(11) NOT NULL,
  `schiri_team_id_b` int(11) NOT NULL,
  `tore_a` tinyint(4) NOT NULL,
  `tore_b` tinyint(4) NOT NULL,
  `penalty_a` tinyint(4) DEFAULT NULL,
  `penalty_b` tinyint(4) DEFAULT NULL
) ENGINE=InnoDB DEFAULT CHARSET=utf8mb4;

--
-- Daten für Tabelle `archiv_turniere_spiele`
--

INSERT INTO `archiv_turniere_spiele` (`turnier_id`, `spiel_id`, `team_id_a`, `team_id_b`, `schiri_team_id_a`, `schiri_team_id_b`, `tore_a`, `tore_b`, `penalty_a`, `penalty_b`) VALUES
(860, 1, 312, 829, 421, 637, 7, 4, NULL, NULL),
(860, 2, 421, 637, 829, 312, 7, 1, NULL, NULL),
(860, 3, 610, 831, 312, 421, 0, 6, NULL, NULL),
(860, 4, 837, 829, 831, 610, 3, 4, NULL, NULL),
(860, 5, 312, 637, 829, 837, 7, 4, NULL, NULL),
(860, 6, 421, 831, 312, 637, 9, 2, NULL, NULL),
(860, 7, 610, 837, 831, 421, 2, 7, NULL, NULL),
(860, 8, 637, 829, 610, 837, 2, 3, NULL, NULL),
(860, 9, 312, 831, 829, 637, 3, 1, NULL, NULL),
(860, 10, 421, 837, 312, 831, 9, 1, NULL, NULL),
(860, 11, 610, 829, 837, 421, 3, 5, NULL, NULL),
(860, 12, 637, 831, 829, 610, 4, 4, NULL, NULL),
(860, 13, 312, 837, 831, 637, 7, 4, NULL, NULL),
(860, 14, 421, 610, 312, 837, 11, 3, NULL, NULL),
(860, 15, 831, 829, 610, 421, 4, 7, NULL, NULL),
(860, 16, 637, 837, 831, 829, 2, 2, NULL, NULL),
(860, 17, 312, 610, 837, 637, 10, 3, NULL, NULL),
(860, 18, 421, 829, 312, 610, 8, 3, NULL, NULL),
(860, 19, 837, 831, 829, 421, 4, 4, NULL, NULL),
(860, 20, 610, 637, 831, 837, 1, 2, NULL, NULL),
(860, 21, 421, 312, 610, 637, 6, 2, NULL, NULL),
(885, 1, 706, 837, 633, 86, 16, 0, NULL, NULL),
(885, 2, 86, 633, 837, 706, 12, 1, NULL, NULL),
(885, 3, 2, 837, 706, 86, 20, 0, NULL, NULL),
(885, 4, 706, 633, 837, 2, 16, 2, NULL, NULL),
(885, 5, 86, 2, 706, 633, 10, 2, NULL, NULL),
(885, 6, 633, 837, 86, 2, 4, 4, 4, 5),
(885, 7, 706, 2, 633, 837, 13, 1, NULL, NULL),
(885, 8, 86, 837, 706, 2, 14, 3, NULL, NULL),
(885, 9, 2, 633, 86, 837, 8, 0, NULL, NULL),
(885, 10, 86, 706, 2, 633, 22, 7, NULL, NULL),
(895, 1, 610, 853, 857, 312, 4, 11, NULL, NULL),
(895, 2, 312, 857, 853, 610, 11, 1, NULL, NULL),
(895, 3, 831, 853, 610, 312, 8, 4, NULL, NULL),
(895, 4, 610, 857, 853, 831, 3, 8, NULL, NULL),
(895, 5, 312, 831, 610, 857, 5, 7, NULL, NULL),
(895, 6, 857, 853, 312, 831, 4, 7, NULL, NULL),
(895, 7, 610, 831, 857, 853, 2, 10, NULL, NULL),
(895, 8, 312, 853, 610, 831, 10, 4, NULL, NULL),
(895, 9, 831, 857, 312, 853, 8, 5, NULL, NULL),
(895, 10, 312, 610, 831, 857, 16, 1, NULL, NULL),
(896, 1, 21, 87, 154, 16, 12, 6, NULL, NULL),
(896, 2, 154, 37, 21, 87, 3, 5, NULL, NULL),
(896, 3, 16, 42, 37, 154, 8, 1, NULL, NULL),
(896, 4, 154, 21, 16, 42, 6, 11, NULL, NULL),
(896, 5, 42, 87, 154, 21, 8, 4, NULL, NULL),
(896, 6, 16, 37, 42, 87, 9, 2, NULL, NULL),
(896, 7, 154, 42, 37, 16, 5, 2, NULL, NULL),
(896, 8, 21, 37, 42, 154, 8, 4, NULL, NULL),
(896, 9, 16, 87, 37, 21, 13, 3, NULL, NULL),
(896, 10, 42, 37, 16, 87, 2, 6, NULL, NULL),
(896, 11, 154, 87, 37, 42, 8, 2, NULL, NULL),
(896, 12, 16, 21, 154, 87, 9, 4, NULL, NULL),
(896, 13, 37, 87, 16, 21, 6, 1, NULL, NULL),
(896, 14, 21, 42, 37, 87, 10, 1, NULL, NULL),
(896, 15, 16, 154, 21, 42, 11, 0, NULL, NULL),
(899, 1, 307, 27, 12, 435, 12, 9, NULL, NULL),
(899, 2, 12, 435, 307, 27, 16, 1, NULL, NULL),
(899, 3, 307, 435, 12, 27, 15, 6, NULL, NULL),
(899, 4, 12, 27, 307, 435, 11, 3, NULL, NULL),
(899, 5, 27, 435, 12, 307, 12, 4, NULL, NULL),
(899, 6, 12, 307, 27, 435, 17, 4, NULL, NULL),
(905, 1, 534, 856, 32, 16, 10, 0, NULL, NULL),
(905, 2, 32, 855, 534, 856, 12, 1, NULL, NULL),
(905, 3, 16, 37, 855, 32, 10, 0, NULL, NULL),
(905, 4, 32, 534, 16, 37, 9, 3, NULL, NULL),
(905, 5, 37, 856, 32, 534, 9, 3, NULL, NULL),
(905, 6, 16, 855, 37, 856, 5, 3, NULL, NULL),
(905, 7, 32, 37, 855, 16, 10, 3, NULL, NULL),
(905, 8, 534, 855, 37, 32, 7, 0, NULL, NULL),
(905, 9, 16, 856, 855, 534, 11, 1, NULL, NULL),
(905, 10, 37, 855, 16, 856, 6, 4, NULL, NULL),
(905, 11, 32, 856, 855, 37, 13, 0, NULL, NULL),
(905, 12, 16, 534, 32, 856, 7, 3, NULL, NULL),
(905, 13, 855, 856, 16, 534, 6, 6, 2, 1),
(905, 14, 534, 37, 855, 856, 10, 3, NULL, NULL),
(905, 15, 16, 32, 534, 37, 7, 7, 5, 4),
(913, 1, 21, 11, 44, 534, 19, 2, NULL, NULL),
(913, 2, 534, 44, 11, 21, 12, 2, NULL, NULL),
(913, 3, 20, 11, 21, 534, 11, 1, NULL, NULL),
(913, 4, 21, 44, 11, 20, 9, 5, NULL, NULL),
(913, 5, 534, 20, 21, 44, 13, 2, NULL, NULL),
(913, 6, 44, 11, 534, 20, 10, 2, NULL, NULL),
(913, 7, 21, 20, 44, 11, 11, 4, NULL, NULL),
(913, 8, 534, 11, 21, 20, 14, 3, NULL, NULL),
(913, 9, 20, 44, 534, 11, 11, 6, NULL, NULL),
(913, 10, 534, 21, 20, 44, 7, 6, NULL, NULL),
(914, 1, 155, 850, 702, 30, 15, 3, NULL, NULL),
(914, 2, 30, 702, 850, 155, 14, 6, NULL, NULL),
(914, 3, 86, 850, 155, 30, 5, 13, NULL, NULL),
(914, 4, 155, 702, 850, 86, 5, 6, NULL, NULL),
(914, 5, 30, 86, 155, 702, 10, 3, NULL, NULL),
(914, 6, 702, 850, 30, 86, 1, 7, NULL, NULL),
(914, 7, 155, 86, 702, 850, 8, 2, NULL, NULL),
(914, 8, 30, 850, 155, 86, 8, 9, NULL, NULL),
(914, 9, 86, 702, 30, 850, 6, 3, NULL, NULL),
(914, 10, 30, 155, 86, 702, 17, 4, NULL, NULL),
(915, 1, 691, 633, 244, 623, 4, 2, NULL, NULL),
(915, 2, 244, 623, 691, 633, 9, 1, NULL, NULL),
(915, 3, 691, 623, 244, 633, 4, 1, NULL, NULL),
(915, 4, 244, 633, 691, 623, 7, 2, NULL, NULL),
(915, 5, 633, 623, 244, 691, 6, 1, NULL, NULL),
(915, 6, 244, 691, 633, 623, 4, 4, 1, 0),
(916, 1, 689, 847, 421, 44, 4, 1, NULL, NULL),
(916, 2, 421, 312, 689, 847, 9, 4, NULL, NULL),
(916, 3, 44, 529, 312, 421, 6, 2, NULL, NULL),
(916, 4, 421, 689, 44, 529, 6, 5, NULL, NULL),
(916, 5, 529, 847, 421, 689, 9, 3, NULL, NULL),
(916, 6, 44, 312, 529, 847, 11, 6, NULL, NULL),
(916, 7, 421, 529, 312, 44, 5, 5, NULL, NULL),
(916, 8, 689, 312, 529, 421, 9, 1, NULL, NULL),
(916, 9, 44, 847, 312, 689, 8, 3, NULL, NULL),
(916, 10, 529, 312, 44, 847, 7, 3, NULL, NULL),
(916, 11, 421, 847, 312, 529, 7, 6, NULL, NULL),
(916, 12, 44, 689, 421, 847, 6, 4, NULL, NULL),
(916, 13, 312, 847, 44, 689, 8, 6, NULL, NULL),
(916, 14, 689, 529, 312, 847, 5, 0, NULL, NULL),
(916, 15, 44, 421, 689, 529, 6, 3, NULL, NULL),
(920, 1, 423, 852, 533, 27, 5, 3, NULL, NULL),
(920, 2, 533, 321, 423, 852, 3, 6, NULL, NULL),
(920, 3, 27, 529, 321, 533, 5, 5, 3, 2),
(920, 4, 533, 423, 27, 529, 1, 10, NULL, NULL),
(920, 5, 529, 852, 533, 423, 6, 3, NULL, NULL),
(920, 6, 27, 321, 529, 852, 7, 1, NULL, NULL),
(920, 7, 533, 529, 321, 27, 2, 9, NULL, NULL),
(920, 8, 423, 321, 529, 533, 6, 5, NULL, NULL),
(920, 9, 27, 852, 321, 423, 9, 4, NULL, NULL),
(920, 10, 529, 321, 27, 852, 8, 3, NULL, NULL),
(920, 11, 533, 852, 321, 529, 1, 8, NULL, NULL),
(920, 12, 27, 423, 533, 852, 9, 3, NULL, NULL),
(920, 13, 321, 852, 27, 423, 1, 12, NULL, NULL),
(920, 14, 423, 529, 321, 852, 2, 8, NULL, NULL),
(920, 15, 27, 533, 423, 529, 10, 0, NULL, NULL);

--
-- Indizes der exportierten Tabellen
--

--
-- Indizes für die Tabelle `archiv_saisons`
--
ALTER TABLE `archiv_saisons`
  ADD PRIMARY KEY (`saison_id`);

--
-- Indizes für die Tabelle `archiv_spielplan_details`
--
ALTER TABLE `archiv_spielplan_details`
  ADD PRIMARY KEY (`spielplan`);

--
-- Indizes für die Tabelle `archiv_teams_liga`
--
ALTER TABLE `archiv_teams_liga`
  ADD PRIMARY KEY (`team_id`,`saison`);

--
-- Indizes für die Tabelle `archiv_teams_strafen`
--
ALTER TABLE `archiv_teams_strafen`
  ADD PRIMARY KEY (`team_id`,`turnier_id`);

--
-- Indizes für die Tabelle `archiv_turniere_details`
--
ALTER TABLE `archiv_turniere_details`
  ADD PRIMARY KEY (`turnier_id`);

--
-- Indizes für die Tabelle `archiv_turniere_ergebnisse`
--
ALTER TABLE `archiv_turniere_ergebnisse`
  ADD PRIMARY KEY (`team_id`,`turnier_id`);

--
-- Indizes für die Tabelle `archiv_turniere_liga`
--
ALTER TABLE `archiv_turniere_liga`
  ADD PRIMARY KEY (`turnier_id`);

--
-- Indizes für die Tabelle `archiv_turniere_spiele`
--
ALTER TABLE `archiv_turniere_spiele`
  ADD PRIMARY KEY (`turnier_id`,`spiel_id`),
  ADD KEY `FOREIGN` (`team_id_a`,`team_id_b`,`schiri_team_id_a`,`schiri_team_id_b`) USING BTREE;
COMMIT;

/*!40101 SET CHARACTER_SET_CLIENT=@OLD_CHARACTER_SET_CLIENT */;
/*!40101 SET CHARACTER_SET_RESULTS=@OLD_CHARACTER_SET_RESULTS */;
/*!40101 SET COLLATION_CONNECTION=@OLD_COLLATION_CONNECTION */;
